<?xml version="1.0" encoding="UTF-8"?>
<project-private xmlns="http://www.netbeans.org/ns/project-private/1">
    <editor-bookmarks xmlns="http://www.netbeans.org/ns/editor-bookmarks/2" lastBookmarkId="0"/>
    <open-files xmlns="http://www.netbeans.org/ns/projectui-open-files/2">
        <group>
            <file>file:/D:/Programming/Java/JavaProject/WS1_Cookie/web/link.html</file>
            <file>file:/D:/Programming/Java/JavaProject/WS1_Cookie/src/java/controller/LogoutServlet.java</file>
            <file>file:/D:/Programming/Java/JavaProject/WS1_Cookie/src/java/controller/ProfileServlet.java</file>
            <file>file:/D:/Programming/Java/JavaProject/WS1_Cookie/web/WEB-INF/web.xml</file>
            <file>file:/D:/Programming/Java/JavaProject/WS1_Cookie/src/java/controller/LoginServlet.java</file>
        </group>
    </open-files>
</project-private>
