<?xml version="1.0" encoding="UTF-8"?>
<project-private xmlns="http://www.netbeans.org/ns/project-private/1">
    <editor-bookmarks xmlns="http://www.netbeans.org/ns/editor-bookmarks/2" lastBookmarkId="0"/>
    <open-files xmlns="http://www.netbeans.org/ns/projectui-open-files/2">
        <group>
            <file>file:/E:/Code%20PRJ301/PRJ302_PE_SP24_Trial_220906/PaperNo_2/All/given/Q2_XXX/src/java/controller/sum.java</file>
            <file>file:/E:/Code%20PRJ301/PRJ302_PE_SP24_Trial_220906/PaperNo_2/All/given/Q2_XXX/web/mySum.jsp</file>
        </group>
    </open-files>
</project-private>
